name,phone,email,address,datetime,id
Durante Bampkin,591-518-7892,dbampkin0@ifeng.com,97 Oakridge Hill,2021-02-18,1
Sly Kobierra,860-896-3453,skobierra1@google.co.jp,3000 Hazelcrest Terrace,2021-03-24,2
Harmonia Veysey,907-395-5996,hveysey2@nytimes.com,91 Commercial Trail,2021-02-07,3
Ranice Licciardo,785-360-6429,rlicciardo3@google.com.hk,12197 Rusk Terrace,2021-03-17,4
Oriana Stratten,790-733-2864,ostratten4@ustream.tv,643 Hoffman Trail,2021-10-23,5
Maison Robatham,699-546-9662,mrobatham5@w3.org,1756 Washington Pass,2021-07-19,6
Andree Bandy,598-352-5023,abandy6@mysql.com,7279 Lindbergh Avenue,2021-12-13,7
Halli Joannet,245-452-4011,hjoannet7@360.cn,88865 Miller Court,2021-11-07,8
Valli Hain,437-862-2534,vhain8@geocities.com,82 Hovde Point,2022-01-23,9
Brion Netherwood,318-764-2695,bnetherwood9@chronoengine.com,135 Garrison Place,2021-10-30,10
Bailie Bownde,107-280-5236,bbowndea@ebay.co.uk,5 Loftsgordon Pass,2022-01-16,11
Hal Chaster,390-755-5888,hchasterb@blinklist.com,1040 Victoria Point,2021-04-17,12
Harmonia Westbrook,353-570-0168,hwestbrookc@upenn.edu,480 Caliangt Way,2021-03-31,13
Anallese Woodvine,863-220-8401,awoodvined@jugem.jp,6520 Hoepker Hill,2021-11-16,14
Garek Cushion,497-293-6872,gcushione@stanford.edu,98615 Lindbergh Terrace,2021-04-13,15
Gilbert Atkirk,647-829-8066,gatkirkf@github.com,7 Armistice Center,2021-10-10,16
Terra Bamfield,624-265-0960,tbamfieldg@cam.ac.uk,51 Russell Street,2021-05-10,17
Creigh Higbin,330-309-1402,chigbinh@seattletimes.com,0 Caliangt Point,2021-04-10,18
Miran Oloman,779-919-3659,molomani@springer.com,23397 Haas Terrace,2021-06-26,19
Kessiah Infantino,572-492-4368,kinfantinoj@dailymail.co.uk,9 Reinke Hill,2021-07-03,20
Osmond Cheak,818-145-1707,ocheakk@yolasite.com,17 Walton Terrace,2021-12-08,21
Onida Loache,558-359-8108,oloachel@yellowpages.com,42 Rigney Junction,2021-06-03,22
Tanhya Kachel,407-383-4036,tkachelm@shop-pro.jp,674 Mariners Cove Pass,2021-09-05,23
Dianna Blaymires,565-890-7661,dblaymiresn@kickstarter.com,5 Merry Park,2021-03-07,24
Rodolph Coils,321-941-0097,rcoilso@wsj.com,34013 Eagle Crest Center,2021-02-15,25
Lilah Tiner,138-967-3004,ltinerp@privacy.gov.au,3 Summerview Road,2021-12-19,26
Anselma Pickavant,925-321-1632,apickavantq@51.la,51 Kings Plaza,2021-04-13,27
Courtnay Bevis,826-298-5129,cbevisr@toplist.cz,612 Express Road,2021-05-07,28
Horten Mahoney,884-971-4878,hmahoneys@clickbank.net,03920 Aberg Way,2021-02-21,29
Izaak Muncaster,461-290-5076,imuncastert@facebook.com,2807 Huxley Pass,2021-12-25,30
Lynna Dronsfield,934-183-9530,ldronsfieldu@cbc.ca,1675 Maple Wood Parkway,2022-01-18,31
Ceil Scawen,776-840-2012,cscawenv@51.la,2123 Amoth Lane,2021-04-13,32
Lizzie Crum,650-437-9095,lcrumw@technorati.com,0 Pepper Wood Court,2021-11-25,33
Denver Vell,162-593-9385,dvellx@wikipedia.org,2881 Hoard Circle,2021-03-03,34
Vivi Skittrall,922-567-7364,vskittrally@biblegateway.com,63395 Bellgrove Circle,2021-10-29,35
Jennette Ewles,364-596-9205,jewlesz@123-reg.co.uk,411 Corben Avenue,2021-08-10,36
Farr Halgarth,754-327-4182,fhalgarth10@acquirethisname.com,8938 Ronald Regan Circle,2021-08-15,37
Reggi Raddenbury,264-793-7612,rraddenbury11@yolasite.com,8 Hoepker Parkway,2021-09-29,38
Franky Ferbrache,168-874-4415,fferbrache12@usgs.gov,1 Haas Park,2021-03-16,39
Urban Leakner,855-731-0033,uleakner13@army.mil,3 Novick Avenue,2021-12-28,40
Culver Grewe,594-736-7243,cgrewe14@joomla.org,24 Dottie Center,2021-09-26,41
Aimee Grigorushkin,549-992-5541,agrigorushkin15@bloglines.com,734 Hanover Plaza,2021-04-15,42
Valentine Pirouet,419-331-1507,vpirouet16@whitehouse.gov,7608 Vermont Court,2021-10-03,43
Franklyn Lamerton,414-794-3424,flamerton17@seattletimes.com,12 Scoville Way,2021-06-17,44
Marnia Smail,486-582-0245,msmail18@cnn.com,803 Tony Way,2021-11-21,45
Alvan Goodhall,475-463-5825,agoodhall19@fda.gov,74 Stone Corner Place,2021-08-25,46
Glendon Draper,949-729-3084,gdraper1a@twitpic.com,7429 Sachtjen Terrace,2021-10-23,47
Rozalie Pereira,691-847-2234,rpereira1b@disqus.com,60968 Dixon Parkway,2021-08-25,48
Quinton Topping,749-326-7086,qtopping1c@dell.com,8 Melby Trail,2021-09-01,49
Welsh Pomroy,538-542-7436,wpomroy1d@phoca.cz,53 Atwood Trail,2021-08-22,50
Waverley Prosser,188-498-4658,wprosser1e@blogtalkradio.com,4122 Stoughton Terrace,2021-03-12,51
Manolo Hyndson,700-120-9258,mhyndson1f@mail.ru,58428 Katie Court,2021-08-15,52
Dela Mintram,805-159-3132,dmintram1g@wikia.com,75 Badeau Plaza,2022-01-03,53
Aluin Cirlos,241-460-7118,acirlos1h@list-manage.com,39108 Algoma Junction,2021-10-03,54
Dulcy Chaves,821-933-9930,dchaves1i@scientificamerican.com,1 Toban Avenue,2021-05-07,55
Welsh Elfes,327-178-7483,welfes1j@seesaa.net,4 Sycamore Junction,2021-06-18,56
Kristina Bilbey,327-420-1822,kbilbey1k@narod.ru,83 Fieldstone Plaza,2021-04-26,57
Silvano Daily,523-936-2266,sdaily1l@rambler.ru,10 Morrow Plaza,2022-01-09,58
Terza Thickins,500-852-5656,tthickins1m@tripod.com,88874 Summit Crossing,2021-12-26,59
Adler Rogier,340-779-2310,arogier1n@princeton.edu,3693 Village Park,2021-02-24,60
Concordia Simmonett,263-882-6858,csimmonett1o@adobe.com,66804 Evergreen Lane,2021-06-15,61
Michelina Nevett,108-721-7197,mnevett1p@imdb.com,0 Dawn Place,2021-12-26,62
Doti Geake,880-813-4684,dgeake1q@moonfruit.com,27 Meadow Vale Place,2021-05-30,63
Bert Golborn,146-513-7496,bgolborn1r@aol.com,90210 Mariners Cove Center,2021-12-06,64
Eddi Versey,381-774-3401,eversey1s@icq.com,3 Washington Junction,2021-09-06,65
Germaine Casassa,532-453-6796,gcasassa1t@usnews.com,323 Vahlen Plaza,2021-11-03,66
Arlan Bucknall,737-932-8813,abucknall1u@census.gov,76 Oriole Park,2021-05-27,67
Marcos Mullaney,178-176-0804,mmullaney1v@sourceforge.net,772 Moulton Point,2021-06-29,68
Deny Manolov,992-631-6743,dmanolov1w@harvard.edu,4 Atwood Park,2021-11-01,69
Tracie Hundy,175-188-7442,thundy1x@bravesites.com,080 Badeau Way,2021-04-25,70
Dode Blakeley,262-541-3800,dblakeley1y@edublogs.org,78898 Bartelt Parkway,2021-02-09,71
Roseanna Halloway,942-978-0554,rhalloway1z@liveinternet.ru,930 Holmberg Drive,2021-09-23,72
Beatrice Gann,435-278-0964,bgann20@skyrock.com,215 Veith Circle,2021-07-10,73
Adore Dingwall,871-439-3478,adingwall21@japanpost.jp,6 Warbler Circle,2021-09-08,74
Melvin Batty,802-156-9701,mbatty22@eepurl.com,35612 Marcy Point,2021-06-16,75
Galen Fanton,610-610-7150,gfanton23@noaa.gov,41301 Eggendart Trail,2021-07-27,76
Tyson Ower,353-735-1842,tower24@webeden.co.uk,76 Acker Avenue,2021-11-13,77
Obidiah Oldroyd,469-173-2180,ooldroyd25@google.fr,214 Summer Ridge Street,2021-09-24,78
Ellswerth Brahan,424-839-5829,ebrahan26@theatlantic.com,4 4th Avenue,2021-04-14,79
Daloris Ashwell,321-783-0860,dashwell27@ucoz.ru,69 Mcbride Court,2021-12-16,80
Rakel Birdseye,220-133-9823,rbirdseye28@tmall.com,59542 Grover Place,2021-11-08,81
Trula Marusyak,493-988-8351,tmarusyak29@meetup.com,42196 High Crossing Trail,2021-05-11,82
Alvis Heigold,151-637-5889,aheigold2a@a8.net,9 Bellgrove Place,2021-04-19,83
Joan Yeo,136-820-1523,jyeo2b@artisteer.com,11685 Pleasure Trail,2021-06-20,84
Anatole Brook,527-946-4404,abrook2c@plala.or.jp,239 Bowman Junction,2021-12-21,85
Merna Kaasman,642-879-9715,mkaasman2d@theatlantic.com,045 Bartelt Crossing,2021-03-18,86
Annemarie Poulney,221-340-9943,apoulney2e@spotify.com,54 Ruskin Junction,2021-04-19,87
Rodolphe Lombardo,846-382-7315,rlombardo2f@dailymail.co.uk,2 Hintze Junction,2021-05-02,88
Arleen McDaid,542-905-4827,amcdaid2g@nhs.uk,65237 Lillian Road,2021-04-12,89
Bride Kettles,799-957-4417,bkettles2h@imageshack.us,124 Westridge Terrace,2021-02-13,90
Perice Dunstan,417-540-5255,pdunstan2i@shutterfly.com,60401 Anderson Place,2021-10-09,91
Betteanne Bent,539-803-2066,bbent2j@sogou.com,60 Logan Point,2021-11-21,92
Albertina Buttner,395-756-2338,abuttner2k@freewebs.com,68700 Riverside Junction,2021-12-26,93
Richart Delacoste,870-870-4987,rdelacoste2l@163.com,81 Butternut Pass,2021-10-11,94
Florenza Hadaway,690-705-0187,fhadaway2m@123-reg.co.uk,634 Russell Hill,2021-12-20,95
Hillard McLemon,706-596-8469,hmclemon2n@xinhuanet.com,127 Hansons Park,2021-10-29,96
Hewe Tomanek,109-692-6342,htomanek2o@slashdot.org,3 Superior Lane,2021-04-22,97
Kliment Gunney,423-483-2094,kgunney2p@shinystat.com,3428 Upham Avenue,2021-10-25,98
Fransisco Seelbach,996-600-3583,fseelbach2q@bizjournals.com,32856 Lakeland Street,2021-02-10,99
Alric Butson,279-477-2696,abutson2r@amazon.com,3 Nevada Lane,2021-11-27,100
